equipment_id,equipment_id_foreign,localize_key,sequence,equip_name_jp,equip_type_name_jp,series_name_jp,equip_name,equip_type_name,series_name,rarity_name,category_id,equip_part_id,equip_type_id,rarity_id,slot,series_id,group_id,star,required_lv,price,selling_price,min_lv,max_lv,random_number_bonus,value_per_lv,min_hp,min_mp,min_strength,min_vitality,min_agility,min_intelligence,min_luck,min_attack,min_matk,min_defence,min_evasion_rate,min_critical_rate,max_hp,max_mp,max_strength,max_vitality,max_agility,max_intelligence,max_luck,max_attack,max_matk,max_defence,max_evasion_rate,max_critical_rate,condition_skill_id,condition_skill_name,passive_skill_id_1,passive_skill_name_1,passive_skill_id_2,passive_skill_name_2,nft,mining_power,consume_fuel,image_file_name,image_url,ingame_image_filename
202011000110,20010,SHIELDLIGHT_WOODENSHIELD,1,木の盾,盾（軽装）,木,Wooden Shield,Shield (Light),Wood,common,0,2,201,10,1,,20110001,1,1,20,10,0,10,0,1,,,,,,,,,,4,,,,,,,,,,,,14,,,,,,,,,0,31,31,NFT-WA_341-01,https://bafybeigi2gcr3fpy22tv3u32ewu5goe23u3544nteadyjtts65zvmj24ui.ipfs.nftstorage.link/NFT-WA_341-01.png,20010_SHIELDLIGHT_WOODENSHIELD
202021000110,20160,SHIELDHEAVY_IRONLARGESHIELD,1,鉄のシールド,盾（重装）,鉄,Iron Large Shield,Shield (Heavy),Iron,common,0,2,202,10,1,,20210001,1,1,20,10,0,10,0,1,,,,,,,,,,4,,,,,,,,,,,,14,,,,,,,,,0,31,31,NFT-WA_356-01,https://bafybeigi2gcr3fpy22tv3u32ewu5goe23u3544nteadyjtts65zvmj24ui.ipfs.nftstorage.link/NFT-WA_356-01.png,20160_SHIELDHEAVY_IRONLARGESHIELD
203011000110,20310,HELMETLIGHT_WOODENHACHIGANE,1,木のはちがね,兜（軽装）,木,Wooden Hachigane,Helmet (Light),Wood,common,0,3,301,10,1,,30110001,1,1,30,15,0,10,0,1,,,,,,,,,,5,,,,,,,,,,,,15,,,,,,,,,0,39,39,NFT-WA_249-01,https://bafybeigi2gcr3fpy22tv3u32ewu5goe23u3544nteadyjtts65zvmj24ui.ipfs.nftstorage.link/NFT-WA_249-01.png,20310_HELMETLIGHT_WOODENHACHIGANE
203021000110,20460,HELMETMEDIUM_WOODENHELMET,1,木の兜,兜（中装）,木,Wooden Helmet,Helmet (Medium),Wood,common,0,3,302,10,1,,30210001,1,1,30,15,0,10,0,1,,,,,,,,,,5,,,,,,,,,,,,15,,,,,,,,,0,39,39,NFT-WA_264-01,https://bafybeigi2gcr3fpy22tv3u32ewu5goe23u3544nteadyjtts65zvmj24ui.ipfs.nftstorage.link/NFT-WA_264-01.png,20460_HELMETMEDIUM_WOODENHELMET
203031000110,20610,HELMETHEAVY_IRONHELM,1,鉄のヘルム,兜（重装）,鉄,Iron Helm,Helmet (Heavy),Iron,common,0,3,303,10,1,,30310001,1,1,40,20,0,10,0,1,,,,,,,,,,5,,,,,,,,,,,,15,,,,,,,,,0,39,39,NFT-WA_279-01,https://bafybeigi2gcr3fpy22tv3u32ewu5goe23u3544nteadyjtts65zvmj24ui.ipfs.nftstorage.link/NFT-WA_279-01.png,20610_HELMETHEAVY_IRONHELM
204011000110,20760,ARMORLIGHT_HAWAIIANSHIRT,1,アロハシャツ,鎧（軽装）,,Hawaiian Shirt,Armor (Light),,common,0,4,401,10,1,,40110001,1,1,60,30,0,10,0,1,,,,,,,,,,10,,,,,,,,,,,,20,,,,,,,,,0,78,78,NFT-WA_294-01,https://bafybeigi2gcr3fpy22tv3u32ewu5goe23u3544nteadyjtts65zvmj24ui.ipfs.nftstorage.link/NFT-WA_294-01.png,20760_ARMORLIGHT_HAWAIIANSHIRT
204021000110,20920,ARMORMEDIUM_WOODARMOR,1,木の鎧,鎧（中装）,木,Wood Armor,Armor (Medium),Wood,common,0,4,402,10,1,,40210001,1,1,60,30,0,10,0,1,,,,,,,,,,10,,,,,,,,,,,,20,,,,,,,,,0,78,78,NFT-WA_310-01,https://bafybeigi2gcr3fpy22tv3u32ewu5goe23u3544nteadyjtts65zvmj24ui.ipfs.nftstorage.link/NFT-WA_310-01.png,20920_ARMORMEDIUM_WOODARMOR
204031000110,21070,ARMORHEAVY_IRONARMOUR,1,鉄のアーマー,鎧（重装）,鉄,Iron Armour,Armor (Heavy),Iron,common,0,4,403,10,1,,40310001,1,1,60,30,0,10,0,1,,,,,,,,,,10,,,,,,,,,,,,20,,,,,,,,,0,78,78,NFT-WA_325-01,https://bafybeigi2gcr3fpy22tv3u32ewu5goe23u3544nteadyjtts65zvmj24ui.ipfs.nftstorage.link/NFT-WA_325-01.png,21070_ARMORHEAVY_IRONARMOUR
202012000110,20040,SHIELDLIGHT_IRONSHIELD,1,鉄の盾,盾（軽装）,鉄,Iron Shield,Shield (Light),Iron,uncommon,0,2,201,20,1,,20120001,1,1,40,20,0,10,0,1.2,,,,,,,,,,14,,,,,,,,,,,,26,,,,,,,,,0,77,77,NFT-WA_344-01,https://bafybeigi2gcr3fpy22tv3u32ewu5goe23u3544nteadyjtts65zvmj24ui.ipfs.nftstorage.link/NFT-WA_344-01.png,20040_SHIELDLIGHT_IRONSHIELD
202022000110,20190,SHIELDHEAVY_PLATINUMSHIELD,1,プラチナシールド,盾（重装）,プラチナ,Platinum Shield,Shield (Heavy),Platinum,uncommon,0,2,202,20,1,,20220001,1,1,40,20,0,10,0,1.2,,,,,,,,,,14,,,,,,,,,,,,26,,,,,,,,,0,77,77,NFT-WA_359-01,https://bafybeigi2gcr3fpy22tv3u32ewu5goe23u3544nteadyjtts65zvmj24ui.ipfs.nftstorage.link/NFT-WA_359-01.png,20190_SHIELDHEAVY_PLATINUMSHIELD
203012000110,20340,HELMETLIGHT_IRONHACHIGANE,1,鉄のはちがね,兜（軽装）,鉄,Iron Hachigane,Helmet (Light),Iron,uncommon,0,3,301,20,1,,30120001,1,1,60,30,0,10,0,1.2,,,,,,,,,,15,,,,,,,,,,,,27,,,,,,,,,0,83,83,NFT-WA_252-01,https://bafybeigi2gcr3fpy22tv3u32ewu5goe23u3544nteadyjtts65zvmj24ui.ipfs.nftstorage.link/NFT-WA_252-01.png,20340_HELMETLIGHT_IRONHACHIGANE
203022000110,20490,HELMETMEDIUM_IRONHELMET,1,鉄の兜,兜（中装）,鉄,Iron Helmet,Helmet (Medium),Iron,uncommon,0,3,302,20,1,,30220001,1,1,60,30,0,10,0,1.2,,,,,,,,,,15,,,,,,,,,,,,27,,,,,,,,,0,83,83,NFT-WA_267-01,https://bafybeigi2gcr3fpy22tv3u32ewu5goe23u3544nteadyjtts65zvmj24ui.ipfs.nftstorage.link/NFT-WA_267-01.png,20490_HELMETMEDIUM_IRONHELMET
203032000110,20640,HELMETHEAVY_KNIGHTSHELM,1,騎士のヘルム,兜（重装）,騎士,Knight's Helm,Helmet (Heavy),Knight,uncommon,0,3,303,20,1,,30320001,1,1,80,40,0,10,0,1.2,,,,,,,,,,15,,,,,,,,,,,,27,,,,,,,,,0,83,83,NFT-WA_282-01,https://bafybeigi2gcr3fpy22tv3u32ewu5goe23u3544nteadyjtts65zvmj24ui.ipfs.nftstorage.link/NFT-WA_282-01.png,20640_HELMETHEAVY_KNIGHTSHELM
204012000110,20800,ARMORLIGHT_SAILORSUIT,1,セーラー服,鎧（軽装）,,Sailor Suit,Armor (Light),,uncommon,0,4,401,20,1,,40120001,1,1,120,60,0,10,0,1.2,,,,,,,,,,20,,,,,,,,,,,,32,,,,,,,,,0,111,111,NFT-WA_298-01,https://bafybeigi2gcr3fpy22tv3u32ewu5goe23u3544nteadyjtts65zvmj24ui.ipfs.nftstorage.link/NFT-WA_298-01.png,20800_ARMORLIGHT_SAILORSUIT
204022000110,20950,ARMORMEDIUM_MAGICACADEMYBLAZER,1,魔法学院のブレザー,鎧（中装）,魔法学院,Magic Academy Blazer,Armor (Medium),Magic Academy,uncommon,0,4,402,20,1,,40220001,1,1,120,60,0,10,0,1.2,,,,,,,,,,20,,,,,,,,,,,,32,,,,,,,,,0,111,111,NFT-WA_313-01,https://bafybeigi2gcr3fpy22tv3u32ewu5goe23u3544nteadyjtts65zvmj24ui.ipfs.nftstorage.link/NFT-WA_313-01.png,20950_ARMORMEDIUM_MAGICACADEMYBLAZER
204032000110,21100,ARMORHEAVY_PLATINUMARMOR,1,プラチナアーマー,鎧（重装）,プラチナ,Platinum Armor,Armor (Heavy),Platinum,uncommon,0,4,403,20,1,,40320001,1,1,120,60,0,10,0,1.2,,,,,,,,,,20,,,,,,,,,,,,32,,,,,,,,,0,111,111,NFT-WA_328-01,https://bafybeigi2gcr3fpy22tv3u32ewu5goe23u3544nteadyjtts65zvmj24ui.ipfs.nftstorage.link/NFT-WA_328-01.png,21100_ARMORHEAVY_PLATINUMARMOR
202013000110,20070,SHIELDLIGHT_STEELSHIELD,1,鋼の盾,盾（軽装）,鋼,Steel Shield,Shield (Light),Steel,rare,0,2,201,30,1,,20130001,1,10,120,60,0,10,0,1.5,,,,,,,,,,26,,,,,,,,,,,,41,,,,,,,,,0,247,247,NFT-WA_347-01,https://bafybeigi2gcr3fpy22tv3u32ewu5goe23u3544nteadyjtts65zvmj24ui.ipfs.nftstorage.link/NFT-WA_347-01.png,20070_SHIELDLIGHT_STEELSHIELD
202023000110,20220,SHIELDHEAVY_LANTERNSHIELD,1,ランタンシールド,盾（重装）,,Lantern Shield,Shield (Heavy),,rare,0,2,202,30,1,,20230001,1,10,120,60,0,10,0,1.5,,,,,,,,,,26,,,,,,,,,,,,41,,,,,,,,,0,247,247,NFT-WA_362-01,https://bafybeigi2gcr3fpy22tv3u32ewu5goe23u3544nteadyjtts65zvmj24ui.ipfs.nftstorage.link/NFT-WA_362-01.png,20220_SHIELDHEAVY_LANTERNSHIELD
203013000110,20370,HELMETLIGHT_STEELHACHIGANE,1,鋼のはちがね,兜（軽装）,鋼,Steel Hachigane,Helmet (Light),Steel,rare,0,3,301,30,1,,30130001,1,10,180,90,0,10,0,1.5,,,,,,,,,,27,,,,,,,,,,,,42,,,,,,,,,0,256,256,NFT-WA_255-01,https://bafybeigi2gcr3fpy22tv3u32ewu5goe23u3544nteadyjtts65zvmj24ui.ipfs.nftstorage.link/NFT-WA_255-01.png,20370_HELMETLIGHT_STEELHACHIGANE
203023000110,20520,HELMETMEDIUM_STEELHELMET,1,鋼の兜,兜（中装）,鋼,Steel Helmet,Helmet (Medium),Steel,rare,0,3,302,30,1,,30230001,1,10,180,90,0,10,0,1.5,,,,,,,,,,27,,,,,,,,,,,,42,,,,,,,,,0,256,256,NFT-WA_270-01,https://bafybeigi2gcr3fpy22tv3u32ewu5goe23u3544nteadyjtts65zvmj24ui.ipfs.nftstorage.link/NFT-WA_270-01.png,20520_HELMETMEDIUM_STEELHELMET
203033000110,20670,HELMETHEAVY_SARCASMHAT,1,嫌味な帽子,兜（重装）,,Sarcasm Hat,Helmet (Heavy),,rare,0,3,303,30,1,,30330001,1,10,240,120,0,10,0,1.5,,,,,,,,,,27,,,,,,,,,,,,42,,,,,,,,,0,256,256,NFT-WA_285-01,https://bafybeigi2gcr3fpy22tv3u32ewu5goe23u3544nteadyjtts65zvmj24ui.ipfs.nftstorage.link/NFT-WA_285-01.png,20670_HELMETHEAVY_SARCASMHAT
204013000110,20830,ARMORLIGHT_SHINOBISCOAT,1,忍の上衣,鎧（軽装）,忍,Shinobi's Coat,Armor (Light),Ninja,rare,0,4,401,30,1,,40130001,1,10,360,180,0,10,0,1.5,,,,,,,,,,32,,,,,,,,,,,,47,,,,,,,,,0,304,304,NFT-WA_301-01,https://bafybeigi2gcr3fpy22tv3u32ewu5goe23u3544nteadyjtts65zvmj24ui.ipfs.nftstorage.link/NFT-WA_301-01.png,20830_ARMORLIGHT_SHINOBISCOAT
204023000110,20980,ARMORMEDIUM_KNIGHTARMOR,1,騎士の鎧,鎧（中装）,騎士,Knight Armor,Armor (Medium),Knight,rare,0,4,402,30,1,,40230001,1,10,360,180,0,10,0,1.5,,,,,,,,,,32,,,,,,,,,,,,47,,,,,,,,,0,304,304,NFT-WA_316-01,https://bafybeigi2gcr3fpy22tv3u32ewu5goe23u3544nteadyjtts65zvmj24ui.ipfs.nftstorage.link/NFT-WA_316-01.png,20980_ARMORMEDIUM_KNIGHTARMOR
204033000110,21130,ARMORHEAVY_RAMELLERARMOUR,1,ラメラーアーマー,鎧（重装）,,Rameller Armour,Armor (Heavy),,rare,0,4,403,30,1,,40330001,1,10,360,180,0,10,0,1.5,,,,,,,,,,32,,,,,,,,,,,,47,,,,,,,,,0,304,304,NFT-WA_331-01,https://bafybeigi2gcr3fpy22tv3u32ewu5goe23u3544nteadyjtts65zvmj24ui.ipfs.nftstorage.link/NFT-WA_331-01.png,21130_ARMORHEAVY_RAMELLERARMOUR